,x,y,class
0,0.23311966859348338,0.05999816623546204,0
1,0.7942907071224715,0.031512947098331204,0
2,0.3612484306108085,0.1708929188205458,0
3,0.503651617848441,-0.3193374564182822,0
4,0.5152028382867129,-0.08278092987771854,0
5,0.6672908198422773,0.22618186946252017,0
6,0.5774087178041057,0.08147393728581803,0
7,0.8151614636301696,-0.10086715985889323,0
8,0.4861855049030778,0.13506778204519088,0
9,0.2934205930998625,-0.06916323766617888,0
10,0.6302054472989519,0.34141648253216483,0
11,0.3769867967506829,0.005190910842311963,0
12,0.7094607580270949,0.011405426251574341,0
13,0.6579173692336949,0.06020584040130447,0
14,0.5369773373938409,0.13193306332193483,0
15,0.6996300319525023,0.5181934726286521,0
16,0.8615108469960493,0.11069258174957314,0
17,0.9978193001849938,-0.1276113879176033,0
18,0.9971253473599009,0.27181517269988864,0
19,0.3517029007796718,0.40521934842890517,0
20,0.182471217575089,0.42778671385418454,0
21,0.38861265717408144,0.09642861963837246,0
22,0.7704468801567994,0.603738180640395,0
23,0.5497357838789323,0.49842670945111234,0
24,0.8099096176164606,0.431605474589503,0
25,0.6668879352764956,0.5536500793944459,0
26,0.5227578348654652,0.3718871244505086,0
27,0.44756354523273423,0.4051431860517995,0
28,0.44337701775133137,0.8807758214404636,0
29,0.9356517016455703,0.29218469662533864,0
30,0.5023365114544647,0.6334595240783643,0
31,0.8182137116976447,0.570599674462528,0
32,0.026675609251562593,0.4238879010275584,0
33,0.5232233094062664,0.7093627902042428,0
34,0.2760048935852017,0.8665860509949166,0
35,0.6574932247197554,0.9159619235506357,0
36,0.6311766275385979,0.6542460572499024,0
37,0.4495772182346568,0.5289135816662939,0
38,0.6705331008075697,0.65839586059486,0
39,0.335389174604444,0.8141999032579845,0
40,0.3890703775933262,0.7897816167993671,0
41,0.3272064174168029,0.7236889947487412,0
42,0.21883094611709644,0.5638689499560456,0
43,0.4571329856695566,0.5627174073806233,0
44,0.30313216092189127,0.5538501015774587,0
45,0.652696836129978,1.1555779546052816,0
46,0.1640645080808174,0.6533366171520292,0
47,0.09186941244266572,0.9782235645495867,0
48,0.23766635876641656,1.1409818340174054,0
49,0.3467986413345694,1.1199369385229314,0
50,0.23433388190954957,0.9904015898678848,0
51,0.4973645824408821,0.7231735600489971,0
52,0.258686654225037,0.9067831152263927,0
53,0.2867265687244169,0.5063863189405213,0
54,0.16734757159129068,1.1047355111266062,0
55,0.37756574430593126,0.9000013891924277,0
56,0.0888478984464177,1.1592964474452259,0
57,0.23771542657279623,1.0724875784248822,0
58,-0.2784014848906155,0.6857635702678284,0
59,0.10181430353890053,0.8015182471234172,0
60,-0.14648398284600297,0.880600579759814,0
61,-0.017148700996843763,0.9667699708156562,0
62,-0.047093896354009734,0.8757394666773844,0
63,-0.07188760083697358,0.7545430119069974,0
64,-0.3664634787558872,0.6918739888369869,0
65,0.00572960019137797,0.9736127544416775,0
66,-0.09778957610885214,0.855100879908351,0
67,-0.2995320470490148,0.5479368623758691,0
68,-0.14164337015937997,0.856330543737519,0
69,-0.09779359157999275,0.8756280603015858,0
70,0.13521800920691548,0.91767066631282,0
71,-0.43151430152142783,1.1207324884666294,0
72,-0.1552371246591403,0.691472316213239,0
73,-0.49341165968646256,1.1990475582528757,0
74,-0.2609068114614711,0.7512870245788146,0
75,-0.3662543217344344,1.211713246416305,0
76,-0.46139613325707673,0.8898179985784963,0
77,-0.43076992520843027,1.088044851748144,0
78,-0.3715318149709217,1.0342294911649168,0
79,-0.6709674081251107,1.3231369079293107,0
80,-0.5909543781587556,0.9626828374406015,0
81,-0.6060679383344179,1.136685772478036,0
82,-0.1959160529090726,1.0253234744160673,0
83,-0.38930916152308587,1.029176641094039,0
84,-0.35527582963760995,0.9781815815071417,0
85,-0.7759713444920532,1.1032630906924215,0
86,-0.25485125542133463,1.1627947536175012,0
87,-0.5136956365528986,1.0605037322206823,0
88,-0.7642038527726741,0.7186861539058584,0
89,-0.8613133073467791,0.8940523259444755,0
90,-0.43267098568740164,0.6862617348570144,0
91,-0.812062625504353,0.6717853609211029,0
92,-1.0655213329939406,0.7602054939780807,0
93,-0.8129341446495353,1.026465304798315,0
94,-1.0460643550616864,0.8954325754955444,0
95,-0.5633784768345492,0.8104625707353473,0
96,-0.787128457080229,0.9439976337333564,0
97,-1.2978965336622974,0.4368337133483723,0
98,-0.8553690324317041,0.8063405178361658,0
99,-1.291379488188658,0.9685292750914717,0
100,-1.1872512699617643,0.9843445634287395,0
101,-1.0734119075890192,0.8108901036315193,0
102,-1.1844338179867275,0.8485074625575393,0
103,-1.3179198727186558,0.6636278513057385,0
104,-1.0837202876632985,0.605613202000259,0
105,-1.0256794591339404,0.4357732523119812,0
106,-1.1923647285558898,0.6687446582905985,0
107,-1.0995474265124807,0.4658636346068993,0
108,-1.2815382384457406,0.6168423600376458,0
109,-0.9928373242786378,0.7671976493436778,0
110,-1.2487315521440832,0.7394237233178838,0
111,-1.3968990452245242,0.44447673294597867,0
112,-1.7197961319662423,0.304290426598169,0
113,-1.0153373633296092,0.7102213863491428,0
114,-1.8120647932621996,0.4980232678383091,0
115,-1.316962660647406,0.4645562283727751,0
116,-1.6734664913823507,0.3099124827331291,0
117,-1.3688502362117794,0.34631318179290005,0
118,-1.4837533179125888,0.18474684102148467,0
119,-1.3442284537122706,0.09457037753590081,0
120,-1.3831800980576328,0.36756666374373637,0
121,-1.2639776399816003,-0.16071438393708243,0
122,-1.4239923781474053,-0.00656717945636566,0
123,-1.5087341564663221,0.16027854161384708,0
124,-1.2676101852479302,0.2942537157524536,0
125,-1.4647358373768735,-0.21649634102084903,0
126,-1.6046180422129335,-0.09225893861859052,0
127,-1.4745273600746205,0.08922717778138306,0
128,-1.4983770799018472,-0.08191544097349758,0
129,-1.284281136206776,-0.09324877441226427,0
130,-1.186519816141685,-0.10999529559074167,0
131,-1.4155882560536284,-0.1835725792440671,0
132,-1.1060016978125442,-0.5995143408381276,0
133,-1.3689154180671403,-0.2744268773680202,0
134,-1.6827238054101885,-0.7290141434282706,0
135,-1.4813780813280424,-0.29655327200306963,0
136,-1.4216149292233327,-0.7321065334123855,0
137,-1.4406252139013929,-0.3325145988099659,0
138,-1.3024760617664333,-0.3846988545898178,0
139,-1.4490436270742741,-0.6000972015746951,0
140,-1.296415642918133,-0.319893714900181,0
141,-1.653698431331372,-0.4245037024161811,0
142,-1.5234711935080147,-0.6917605115232144,0
143,-1.7220996068328756,-0.8132672749979741,0
144,-1.328244982711558,-0.8035868930701399,0
145,-1.4276405753660484,-0.581308033902669,0
146,-1.1301998252239893,-0.6532387094803956,0
147,-1.3497668606787165,-0.5584526941181991,0
148,-0.9977676040317065,-0.6189608563238589,0
149,-1.4614832519812868,-0.8808292235127813,0
150,-1.2326475451449708,-0.6079208239751657,0
151,-1.1828438482176895,-1.3729150226975122,0
152,-1.2301397680513264,-1.1749855206245303,0
153,-1.4045781688402288,-1.4863972674372616,0
154,-1.1628900836293283,-1.0073957146162327,0
155,-1.2002009311387445,-1.5781799188414536,0
156,-1.111554191105291,-1.1835502123457429,0
157,-1.0757118749688197,-1.0157902663182745,0
158,-0.6988494034016957,-1.427969550426678,0
159,-0.7018671253242003,-1.5290282208394812,0
160,-1.225525094903855,-1.4286354363724945,0
161,-1.1263657859640621,-1.058518433848355,0
162,-0.9878547666109825,-1.3412859267639738,0
163,-1.1875201570087948,-1.4367183687947267,0
164,-1.014844946514405,-1.2204793791546469,0
165,-0.9161753419025438,-1.442485357926201,0
166,-0.880911710513829,-1.2190572920610936,0
167,-0.9354337745850034,-1.7035544066466668,0
168,-0.7492463794334527,-1.5146948927693566,0
169,-0.619982626355936,-1.4969083119095274,0
170,-0.7831322411505207,-1.561214140431021,0
171,-0.5486094218252617,-1.593774382124999,0
172,-0.7336966594336659,-1.9804929491036605,0
173,-0.602454609061459,-1.3271056282594762,0
174,-0.602795911088784,-1.5850552987093716,0
175,-0.4548238387302043,-1.9075068328167084,0
176,-0.19453439621445928,-1.728952827461412,0
177,-0.7267352922612969,-2.0565960338898903,0
178,-0.42370272067546677,-2.130822666312229,0
179,-0.5805213431585033,-1.8531881945662556,0
180,-0.3884778010965879,-1.3928014747539454,0
181,-0.4250526971482993,-1.846008752393189,0
182,-0.16984988286274633,-1.999068711199862,0
183,-0.01326658806260339,-2.2214389605281335,0
184,-0.10973622379450101,-1.7725765860528102,0
185,-0.3276341528683093,-2.019518879483899,0
186,0.16300836834485355,-2.087680658297446,0
187,-0.2341193724236531,-1.822886987131848,0
188,0.45216776054285773,-1.7031947143675286,0
189,0.35241859898507655,-2.163542176479682,0
190,-0.03198220861897835,-1.6685395981569173,0
191,0.15085688014316911,-2.1236474495069184,0
192,-0.0673344783096525,-1.9085320205043428,0
193,0.5361198966506712,-2.1242904051229328,0
194,0.36588284815258654,-2.1628760765975894,0
195,0.4084394704248265,-1.832807489126611,0
196,0.39879334860181287,-2.189545250901451,0
197,0.39969820926514354,-1.737026144522442,0
198,0.6869425816359466,-1.6485484187039636,0
199,0.48437397609503857,-2.0434219444507096,0
200,0.9673655954936271,-2.1865695743008504,0
201,0.8542743652098754,-2.1972484433025326,0
202,0.9688729376275591,-2.2409986800530515,0
203,0.7098181123549602,-1.8876972659311357,0
204,0.46722561176663263,-1.6347599203598473,0
205,0.84006004269061,-1.7541687397745884,0
206,0.7640595883124047,-1.823730663327574,0
207,0.91681791544306,-1.402599607822234,0
208,0.6815461346533244,-1.5945949050397392,0
209,1.2409546524859267,-1.7457390974197833,0
210,1.1487273002466039,-1.8538823275394287,0
211,1.433758164333759,-1.587342340438309,0
212,1.0836580014846728,-1.3913109545380835,0
213,1.5645751629126496,-1.8110420437402601,0
214,1.6766151131594604,-1.7641599481842072,0
215,1.5410492035454728,-1.9217768478445236,0
216,1.2894929662923778,-1.7508851991419963,0
217,1.1168002398427994,-1.424765551003434,0
218,1.4642160701169153,-1.652419079628255,0
219,1.6383328906795092,-1.5386849600560546,0
220,1.375493265110165,-1.2881514995029633,0
221,1.9317501158733728,-1.267884365877458,0
222,1.591160947350876,-1.3216500947246197,0
223,2.0418871969418864,-1.2811433391563103,0
224,1.9293875844793065,-1.3355608612945415,0
225,2.0227056357196167,-1.2968922809948689,0
226,1.5777749730753494,-0.987576879616735,0
227,2.0510147033282227,-1.0843900146635677,0
228,1.7442081657510737,-1.2538424509655124,0
229,2.17444705602112,-0.9079624823551247,0
230,1.8409977205252726,-1.0088328219422338,0
231,1.770246194951212,-1.2210231629367034,0
232,2.085855019538138,-0.945839027907486,0
233,1.9364907818665686,-1.0587671725058219,0
234,2.1691237095624354,-0.9164158297528732,0
235,2.3036626973046257,-1.0991836226658624,0
236,2.1479360503340366,-0.6100400439572947,0
237,2.045482529578432,-0.40337810683513764,0
238,2.1375836831407176,-0.9734698724238586,0
239,2.3500758062169176,-0.31794166538400703,0
240,2.5848659020134903,-0.6202945728206974,0
241,2.118020786538813,-0.5963611217342778,0
242,2.2660549673411303,-0.3013894934127408,0
243,2.40602659717577,-0.4109434119568727,0
244,2.0733169351248186,-0.31830015588804567,0
245,2.434610619195793,-0.05867087934933923,0
246,2.2933946809098074,0.07962144540898447,0
247,2.761259560270597,-0.2044760753099043,0
248,2.4037524283773735,0.031880553772760806,0
249,2.1452595992604095,0.09605134075612848,0
250,2.2822384861978384,0.2934924227884135,0
251,2.3561550774887783,0.0800001781717732,0
252,2.5838808368449238,0.17418403201591423,0
253,2.273725976181332,-0.22908679686760075,0
254,2.586041943063265,0.2263279389376614,0
255,2.2736529472258504,0.6512923682710974,0
256,2.4387054452047265,0.21624918317600111,0
257,2.094513200295081,0.560424280630444,0
258,2.3739870128933833,0.5765139694706535,0
259,2.2856744457189637,0.45778337272307784,0
260,2.957624059380453,0.779033016942875,0
261,2.440203136062046,0.47729279836850286,0
262,2.1489351566777524,1.004303634765263,0
263,2.0688174056251163,0.8952722116186635,0
264,2.6616794388023335,0.8260157292751635,0
265,2.4622076260003447,0.8513518783715401,0
266,1.9978749689509763,1.1670232774833742,0
267,1.9158007616873034,0.7212145084725179,0
268,2.0254547328361943,1.0436990637926724,0
269,2.2424102758511117,1.2561413486159851,0
270,2.3058465828458266,1.2618361312880095,0
271,2.074183655896285,1.2158589486855778,0
272,2.4446217476257246,1.5446498985417332,0
273,2.2919652700968407,1.433147852781553,0
274,1.986129238183218,1.5671403841481244,0
275,2.326852628871722,1.3697723657278258,0
276,2.101146294744455,1.782211269076565,0
277,1.913545830376482,1.5420623598343244,0
278,1.4854910276562576,1.4769032824954318,0
279,1.6670081930287486,1.701344092370347,0
280,1.7498302412013795,1.9850623472429083,0
281,1.6259512223315333,1.9060765278015905,0
282,2.0226216446260095,1.4639255014477952,0
283,1.7494475051302718,2.108658604868474,0
284,1.5531499312952937,2.077579963724829,0
285,1.3686315803211266,2.1306045454218006,0
286,1.3802960314070687,1.998985422056615,0
287,1.7602770696077115,1.713727822960817,0
288,0.9539682849823751,1.9362098846048492,0
289,1.593122408161608,2.2446817909437935,0
290,1.4675935093477739,2.3125850406558994,0
291,1.1976612839530139,2.056628588797679,0
292,1.2812660348281648,2.2426326673151307,0
293,1.220348648213186,2.375067644210794,0
294,0.9958195218271833,2.4333647595975236,0
295,0.8199690347554853,2.6305819443238363,0
296,1.3442634363886414,2.586648043022892,0
297,0.9729963531081766,2.4549842735393574,0
298,0.7163396593742513,2.650295755063683,0
299,0.9432038202048952,2.6712570590558498,0
300,0.8113592629664192,2.7819680553115984,0
301,0.6722895671302914,2.5400785383135704,0
302,0.596518539585245,2.79518450116147,0
303,0.15321976790066955,3.030044938614429,0
304,0.5241592042493183,2.6829908680654024,0
305,0.6480127302443537,2.732942490576256,0
306,0.3339801550199708,2.738845349067481,0
307,0.35680424040419195,2.6617755494028184,0
308,0.06472347238545634,2.6372156740891053,0
309,0.2825076966738268,2.492465957412266,0
310,0.09479422892191905,2.986882397966754,0
311,0.19908663695462758,2.9624040522289627,0
312,0.15609840685971466,2.655535396730836,0
313,0.052970344727892305,3.0075263036694464,0
314,-0.4518246463198767,2.9204193718300173,0
315,-0.46062360130792446,2.7527186594333077,0
316,-0.6046034320039757,2.8439818953788003,0
317,-0.24240978289933712,2.7421176603738973,0
318,-0.7748929434611216,2.7689645454501752,0
319,-0.7313430843661444,2.493229319428517,0
320,-0.6134486299172345,3.201823856596267,0
321,-0.6654101237754666,2.82162232182082,0
322,-0.5565335645036198,3.065682127705996,0
323,-0.9680877298130731,3.251881368176038,0
324,-0.8281939816654443,3.1207648289158194,0
325,-0.743509620126608,3.088098538015683,0
326,-1.2858747531646557,2.718671917915253,0
327,-1.3693178614950905,2.652023183702189,0
328,-1.2377130534129306,2.7163219913861423,0
329,-1.3319784149506848,2.5059647586558733,0
330,-1.257347678045874,2.9999406018209984,0
331,-0.7061329554856933,2.7780753969815875,0
332,-1.0174083611369293,2.139477540132767,0
333,-1.65027986908121,2.1414458368400293,0
334,-1.0546202145507282,2.8313783069877165,0
335,-1.8014861731417688,2.3000333798740424,0
336,-2.0980367144157035,2.941650459737313,0
337,-1.9014547501789492,2.3802715439357893,0
338,-2.0984249797602614,2.6236046473607266,0
339,-1.8305319281310186,2.665753675157754,0
340,-1.904327505877044,2.355284622850142,0
341,-2.102075907187244,2.2836104453757735,0
342,-2.0060721675777686,2.199064617367406,0
343,-2.0331664050010074,2.512676984412014,0
344,-2.1350700668196403,2.045619215806344,0
345,-2.2649375162646797,2.228479337874536,0
346,-2.6177067556511187,1.9877275841209618,0
347,-2.5184136133897876,1.9410257394423216,0
348,-2.6646221795958183,2.12284749968697,0
349,-2.3327390239932546,1.8523896925838623,0
350,-2.4106770092839347,1.598276692113668,0
351,-2.418639579851935,1.6200757586412096,0
352,-2.689656089994471,1.7319053286675725,0
353,-2.823132512123634,1.3092966504850754,0
354,-2.4478917087203627,1.4202375452871865,0
355,-2.6802494707246374,1.664870274837484,0
356,-3.1267490773868256,1.7465921939330555,0
357,-2.827605475434227,1.1965254154382716,0
358,-2.5736175112486883,1.183340510427184,0
359,-2.564558067006303,0.9822419704874412,0
360,-3.003823196579951,1.3248859306581338,0
361,-2.8645388932764306,1.2122133673296012,0
362,-2.863409884368176,1.2054597279464594,0
363,-2.8764553540148508,0.8721106786328243,0
364,-3.026350741835538,1.095686502094833,0
365,-3.0959733054264773,0.5581070759349145,0
366,-2.860238364138619,0.7812569320432108,0
367,-3.4052362099306155,0.6188809580962068,0
368,-3.382156700285441,0.5067048930508526,0
369,-3.240973205847644,0.08372299276134809,0
370,-3.5573194502489884,0.7222063531245179,0
371,-3.3254905451272547,-0.14075507390477304,0
372,-3.2916044552156,0.2183747913414401,0
373,-3.235285747902533,0.3727506939835255,0
374,-3.7600477006805577,0.255925075853923,0
375,-3.506991649469621,-0.15723264644663792,0
376,-3.472477772618735,-0.38346564390285026,0
377,-3.343492662488018,-0.10643177893987424,0
378,-3.242502153609747,-0.10809411152100909,0
379,-3.2251725378801552,-0.6640255618630186,0
380,-2.9758643298972687,-0.48600134406424667,0
381,-3.4673825032864243,-0.49432447756601083,0
382,-3.1237647856302972,-0.6384202736363761,0
383,-3.4701762388755792,-0.6479879459621047,0
384,-3.006048018283323,-0.8718347886817811,0
385,-3.163293919368148,-0.6543385656715823,0
386,-3.3314605634740313,-0.9340118813078276,0
387,-3.2209973843396495,-1.083446643858747,0
388,-3.2032909822994515,-1.2875474215619769,0
389,-3.254273652983208,-1.3646747934694958,0
390,-3.107611697104642,-1.4452186303886663,0
391,-3.2956093629597305,-1.2091653031474792,0
392,-3.213472313731051,-1.468249124005223,0
393,-2.9153471204093515,-1.6568771991435411,0
394,-2.964408922168678,-1.7244554614632954,0
395,-3.200993634030361,-1.593447008931807,0
396,-3.0120666344738205,-1.7411304081826273,0
397,-2.7388255926229883,-1.8824306849449113,0
398,-2.8131683795782045,-2.110138075598621,0
399,-2.830223963860732,-2.2494128372186695,0
400,-2.8038872735352243,-2.1492884317812515,0
401,-2.606604613768801,-2.2207122398616463,0
402,-2.9366176108573963,-2.1613542472976963,0
403,-2.5425904205443857,-2.7124282100189614,0
404,-2.4901887478098823,-2.557290475007786,0
405,-2.595681721506856,-2.09642339847725,0
406,-2.639807827321911,-2.6328699279139367,0
407,-2.789822733381535,-2.73252253195207,0
408,-2.157268628572484,-2.938840807564028,0
409,-1.9825645553268487,-2.5357631785612575,0
410,-2.2049698936594875,-2.6259546193645718,0
411,-2.073947107514331,-2.614899378745499,0
412,-1.890977316869067,-2.8177631873479387,0
413,-1.9485871655730533,-2.9862969106192088,0
414,-1.6664482941564984,-3.3182848253059185,0
415,-1.8883948112764044,-3.199966791999532,0
416,-1.919566936674448,-3.1768787052429768,0
417,-1.8226350753621707,-3.287443949609966,0
418,-1.8823053822484659,-3.5045711498485765,0
419,-1.5225658325454179,-3.2860086333412615,0
420,-1.3770886401050244,-3.282336533908072,0
421,-1.4385165382094833,-3.321083399919221,0
422,-1.5338740457090898,-3.0919608129676615,0
423,-1.1998228379393907,-3.623326330068291,0
424,-1.3696724856952303,-3.2415401159512505,0
425,-0.7121385827698561,-3.611290025008629,0
426,-1.0413639327880175,-3.895632490558164,0
427,-0.6996282436430576,-3.5867518932041116,0
428,-0.7762342576080027,-3.603229345111559,0
429,-0.6250966921704851,-3.723500347087422,0
430,-1.0790944313464508,-3.90928881225782,0
431,-0.6503027169231546,-3.8185653698608415,0
432,-0.45000143183130253,-3.4993711293668883,0
433,-0.30905449105570887,-3.8415141763972898,0
434,-0.3251192656677026,-3.3836327535853616,0
435,0.5586418853807991,-3.78983877970971,0
436,-0.32471329930533294,-3.8394946092602518,0
437,0.016604905993072867,-4.001281280900587,0
438,-0.0911345725678013,-3.7695561049058224,0
439,0.30404328282407656,-3.8641870011921466,0
440,0.17469507951077415,-4.188835802475337,0
441,0.26796234408882913,-3.509328918443109,0
442,0.29561229798502486,-3.985143428708807,0
443,1.064642858201828,-4.065366893744224,0
444,0.6170479011608285,-3.9861085078191376,0
445,0.9733627354895779,-4.264872104906772,0
446,0.5793247154422162,-3.79849128273973,0
447,0.983576077380236,-3.675182271027164,0
448,1.1730814610795792,-3.6318153293913924,0
449,1.3141782585090276,-4.030435982514561,0
450,1.2474237995277022,-3.9257572405172394,0
451,1.5255926801527875,-3.658815006052296,0
452,1.7176893670594933,-3.7375678980483333,0
453,1.2678458209963186,-4.01356964550234,0
454,1.789278674918208,-3.736456737346679,0
455,1.9639127545112605,-3.3675606409662704,0
456,1.7980872666541594,-3.71222149725345,0
457,1.7835334661987885,-3.516663006876884,0
458,2.1083549815092137,-3.5287591801344593,0
459,1.947700171859597,-3.657757909527967,0
460,2.0046888711942863,-3.2596714513795884,0
461,2.3992170156338823,-3.3609221096561908,0
462,2.296102535944579,-3.355156306300151,0
463,2.4648507350844135,-3.318319602018836,0
464,2.3475182334583273,-3.3330324152596407,0
465,2.357065842362613,-2.99215644285389,0
466,3.0639486531185085,-2.7703955527692656,0
467,2.511889351689707,-3.00273263321015,0
468,2.579955436046934,-2.8629173113482165,0
469,2.809545850666186,-2.789802757758216,0
470,2.8137415093097147,-2.7427906543300655,0
471,3.334496602916696,-3.1563316587376216,0
472,3.0500894058656316,-2.5406396015675745,0
473,3.2804760756960922,-2.2743622537379427,0
474,3.371463810407212,-2.4061537603219056,0
475,3.0793632551534733,-2.430492049594537,0
476,3.5308867816201843,-1.8100708496511513,0
477,3.679019771927801,-2.060575613585543,0
478,3.573794397379436,-1.9176379237123387,0
479,3.6233524712750373,-2.033412628366724,0
480,3.6272298666287024,-1.6918843288150678,0
481,3.701612699989472,-2.1962487788742333,0
482,3.8928068870529446,-1.908810899431836,0
483,3.85808192028013,-1.3908797105170865,0
484,3.9320820898673214,-1.598911256118171,0
485,3.8286290394121054,-1.503482476410011,0
486,3.8277680812230344,-0.9371510300322328,0
487,4.163607004403222,-1.417546914155162,0
488,4.066380871627496,-1.3183978029024475,0
489,3.883424730749465,-1.0775815235523454,0
490,4.276103525179691,-0.8767351988635705,0
491,4.303572195069438,-1.1975153871093962,0
492,4.372819773208383,-0.7937553064966332,0
493,3.9969114123806686,-0.9268709632473242,0
494,4.147801378792213,-0.7807772826296927,0
495,4.403052486300937,-0.6466207491606749,0
496,4.1511188682845255,-0.21294777581130364,0
497,4.4855682570038455,-0.06335898714403887,0
498,4.164324450402693,0.18525875810303347,0
499,4.462698308009042,-0.03612495519520241,0
500,0.5231216576133592,-0.20631954621214432,1
501,0.645176785586258,0.1442524510732139,1
502,0.7836703268669918,0.0034386810966217686,1
503,0.530547152322837,0.1591514489908427,1
504,0.7245199383472847,0.04096231316502911,1
505,0.703494270083712,-0.2684621558219522,1
506,0.5767480664471314,-0.29141652791969297,1
507,0.4292092111425595,-0.3588993858531961,1
508,0.7454071603191158,-0.19691577516895392,1
509,0.9183275079397023,-0.14004496175102554,1
510,0.45770384669192604,-0.4983931648881556,1
511,0.7701263829264176,0.1505078042729214,1
512,0.8098086439518767,0.12590204018325887,1
513,0.9534221799940334,-0.3469633659836835,1
514,0.3768705525659075,-0.11980067238199672,1
515,0.7318132468658363,-0.17121588036622765,1
516,0.16278752634975563,-0.27126795140295756,1
517,0.8161753519794147,-0.18088877718654173,1
518,0.769148229646294,-0.19732617750750986,1
519,0.31824941080845587,-0.5045283032953538,1
520,0.6134818356008276,-0.006948685025874757,1
521,0.4592352613041142,-0.845805379866569,1
522,0.5240559348484465,-0.10406329582643792,1
523,0.5257858649248562,-0.21630326481490486,1
524,0.22453842027662302,-0.05370508936860674,1
525,0.8613861703948145,-0.3224863035868928,1
526,0.7756223129011586,-0.4336066625257973,1
527,0.6703006525056243,-0.3767335760687422,1
528,0.1737080362445501,-0.5407375575904056,1
529,0.2494540419887985,-0.25313841944853144,1
530,0.3483408761320107,-0.497789090619676,1
531,0.7123533305438119,-0.36467094710411685,1
532,0.32037324638925524,-0.476359312566153,1
533,0.19008746028503698,-0.4623088429878807,1
534,0.30128963537325565,-0.5858285281635912,1
535,0.8982936141202382,-0.7280297060510305,1
536,1.0015601454355263,-0.4979532244481407,1
537,0.5639344042746604,-0.6318967218230856,1
538,0.5158939762892704,-0.6753874515479723,1
539,0.16574602304732988,-0.271425761559795,1
540,0.4502673045657478,-0.525272053711152,1
541,0.8268740812040631,-0.6347192806883553,1
542,0.45437950759691437,-0.9404730100095259,1
543,0.02489517393448576,-0.3834549333199416,1
544,0.22408854261924568,-0.6607194725019471,1
545,0.4383830063415839,-0.34568686201814003,1
546,0.2507620809363081,-0.6227029424966872,1
547,0.20742433805426264,-0.6971925256509977,1
548,0.49544710931100955,-0.7946544128988596,1
549,0.15423354839887807,-0.8711233837395362,1
550,0.5748740113044367,-0.6026320780950672,1
551,0.07586152675013266,-0.8516127915346728,1
552,0.14588407474191578,-0.8352052415050785,1
553,0.29442581095740283,-0.5933993614997353,1
554,-0.037351442290940784,-0.9162098550384185,1
555,0.08522575085148551,-0.9264809357748561,1
556,0.19112032765551798,-0.9014387571793814,1
557,0.23910148699549116,-0.8541463495012278,1
558,0.24240602316895432,-1.0048782328464123,1
559,0.12022345454540531,-1.0836685833389819,1
560,0.18914962625708034,-1.1520097978894706,1
561,0.01358239719245076,-0.794729327091194,1
562,0.0920849806849413,-0.9661443346968762,1
563,-0.053993026963988604,-1.0212646978926416,1
564,-0.22572703144624912,-1.2142416771915765,1
565,0.03027757235435541,-0.92579427622588,1
566,0.027829814494011895,-1.0784381048799934,1
567,-0.06550784128833717,-0.9532491050238706,1
568,0.03327374950573003,-1.0266258345307004,1
569,-0.28361724527722404,-1.0292171476503105,1
570,-0.19956928085414027,-0.8096659435827689,1
571,-0.4501352665173123,-1.1791313416598013,1
572,-0.30502954945545424,-1.1379001600512724,1
573,-0.4470494042350631,-1.20909310905234,1
574,-0.22099975106654052,-0.7371026830795732,1
575,-0.016125096897528834,-0.805745507179688,1
576,-0.2042825726239612,-1.275027496104258,1
577,-0.4394802660737682,-1.250834944795925,1
578,-0.46210048605771514,-0.8057978670177892,1
579,-0.6158028155658045,-0.8466137237686026,1
580,-0.16841046271352061,-1.2416924891194525,1
581,-0.47195411810771287,-0.7324594774752302,1
582,-0.45631895873543643,-1.027926013566283,1
583,-0.37828352797369247,-1.0545284994068727,1
584,-0.6370156503011202,-1.2957790171352008,1
585,-0.7351801581523332,-1.099479908132705,1
586,-0.4806328896257889,-0.949858949000021,1
587,-0.5774315445428408,-0.983840796974926,1
588,-0.6657789796203618,-0.8337324984525596,1
589,-0.5150522839875705,-0.8548180389820776,1
590,-1.1036230737362402,-1.0643559325463845,1
591,-1.2948072193569975,-0.8715211254628358,1
592,-0.9527393098022462,-0.8909612227281798,1
593,-0.7810703328199798,-1.3995995212166903,1
594,-1.1503956427334145,-0.6085873423515737,1
595,-0.8228027353018829,-1.0979521797081135,1
596,-1.3656575338995127,-0.6551812747689196,1
597,-0.8926259228148613,-0.9018028547718089,1
598,-0.9180353974496209,-0.6074421351055076,1
599,-1.0693655256018009,-0.8356617331568097,1
600,-1.2874335587724672,-1.0105881861975325,1
601,-1.2742542811614825,-0.6186136396496345,1
602,-1.1274467388178113,-0.7812284118364583,1
603,-1.0094305905475855,-0.8354266282314401,1
604,-1.3072570829978842,-0.5005281902868721,1
605,-1.156548314746804,-0.9881508023258556,1
606,-1.5163767072719019,-0.9120633694108312,1
607,-1.1544283439838634,-0.13187024114535834,1
608,-1.3328627016812968,-0.6155628253819523,1
609,-1.165588057576815,-0.19836627612240565,1
610,-1.0766708826893008,-0.7738793502332871,1
611,-1.0223197059515743,-0.03793051284367249,1
612,-1.217683439601333,-0.5330034165745696,1
613,-1.6351669105390771,-0.44398209975417924,1
614,-1.4321554715330092,-0.3001072817157704,1
615,-1.2452792359250968,-0.33654803679416434,1
616,-1.1513303886565915,-0.5278424980841884,1
617,-1.4037022164040354,-0.2547755665034562,1
618,-1.3865887369497865,-0.051445109232801906,1
619,-1.3830106541427456,-0.35901974077789095,1
620,-1.1504698226381602,0.15348841963759183,1
621,-1.58252299913869,-0.0058293235396601195,1
622,-1.2625432902403881,0.25542228038631726,1
623,-1.5281143762013318,-0.1771987122715351,1
624,-1.741234871489294,-0.31573708189899974,1
625,-1.845474218988268,-0.09234271360854278,1
626,-1.7766324583732334,-0.010704383480665228,1
627,-1.5386306471526727,0.06173127973290955,1
628,-1.4546793044474045,0.11924266242174553,1
629,-1.7563685281722325,0.21902977857848438,1
630,-1.1813297659986466,0.09530291373514164,1
631,-1.1404555681575235,0.30216717928448605,1
632,-1.3644964033864573,0.32291150183096945,1
633,-1.1948359916198792,0.5240237172109345,1
634,-1.6921220367886594,0.27058862240330883,1
635,-1.3309314884630947,0.21348100325106406,1
636,-1.2746704821503014,0.3158533042095124,1
637,-1.4638293229889363,0.15411632770739736,1
638,-1.4190115813532702,0.7955340644255914,1
639,-1.4604203755640006,0.5178182691292639,1
640,-1.3744426336094901,0.345275504991979,1
641,-1.3937628085703582,0.6606352577848279,1
642,-1.5192549335576369,0.8085895691228048,1
643,-1.5583634621298683,0.4991985828594583,1
644,-1.2559488240346384,0.5032007336318699,1
645,-1.6772643004257444,0.9248788577795959,1
646,-1.3294285787921862,0.8836572260511367,1
647,-1.6317157544331153,1.1352971940589347,1
648,-1.2655222449586048,0.7860102676373559,1
649,-1.2072463495364112,1.2070477690761923,1
650,-1.4171405940672852,0.5406289619924367,1
651,-1.1315225260432582,1.2628539336930789,1
652,-1.056747089977202,1.006958050925639,1
653,-0.9465531555495059,1.1220209425378367,1
654,-0.9335983863720576,1.018363064702616,1
655,-1.2227590988668708,1.000781699439228,1
656,-1.229443046904596,1.2813108391384602,1
657,-1.0735904324628638,0.9741536865898911,1
658,-1.0518571122645535,1.0177460250363763,1
659,-1.3552545025489866,1.278438246949246,1
660,-1.0670604404670914,1.0758807800578887,1
661,-0.983299898974084,1.0052365461019097,1
662,-0.8161028146321406,1.5998284139690895,1
663,-0.6948945524177693,1.3527371164135935,1
664,-0.9869928787053448,1.3792171467959575,1
665,-0.6858453251642072,1.4623337141629327,1
666,-1.0371768183084296,1.6626217617694887,1
667,-0.8507273159614718,1.5248557177584028,1
668,-0.7990516245472953,1.5140158761354947,1
669,-0.8234619860192178,1.5481934639513115,1
670,-0.4453022683965556,1.6764475221964634,1
671,-0.695098183225508,1.8613580470597662,1
672,-0.7760617015224309,1.3890372598431435,1
673,-0.7422933732019578,2.0065241900714432,1
674,-0.5423140279864463,1.6412846831102321,1
675,-0.6786194170827344,1.5867879059789152,1
676,-0.5333955932946983,1.4231128143088345,1
677,-0.2960651569283178,1.5210117384915398,1
678,-0.8117330377658756,1.6336800134952312,1
679,-0.05460450490451857,1.6603210279393936,1
680,-0.29874912261247966,1.8652923386882687,1
681,-0.08022154560905306,1.92144443156507,1
682,0.04606914577867233,1.9485827017063992,1
683,0.09452782957853556,1.9730048415169223,1
684,-0.2576900712690137,1.6395683834897912,1
685,0.05106808239120879,1.9723999766623495,1
686,0.06511212800671688,2.1138622986633697,1
687,-0.2098639892544692,1.697441788005655,1
688,-0.19431968542116962,2.0223738394894526,1
689,-0.02289427836352423,2.171529208120136,1
690,0.09355220995038808,1.4947489286023576,1
691,0.0023215402223661086,1.8694560735052281,1
692,0.13511583547788114,1.6609157048491756,1
693,0.27012772183369593,1.8609956398903864,1
694,0.44976672315744587,2.0621406320601885,1
695,0.19909130985256124,2.07917203030525,1
696,0.6319708330542589,1.6723379984638886,1
697,0.6857192481429419,1.5862410901962827,1
698,0.24957503543619353,1.7793632175267649,1
699,0.6286928132085072,1.9727041950543978,1
700,0.564285822478157,2.111837408211252,1
701,0.5633938841789418,1.7721787603939787,1
702,0.8291491413225864,1.7979442944411659,1
703,1.1109140033106717,1.8533149895681507,1
704,0.7967332449804024,1.7511896178245139,1
705,0.9226328994627527,1.5806223815176843,1
706,0.9013092191627886,1.5027124436506725,1
707,1.3169021676224066,1.5316564919785816,1
708,1.1283778298035,1.9956001506303347,1
709,0.9805335196014022,1.7305943612687813,1
710,1.2425696357681835,1.6513263501792945,1
711,1.0752459758879473,2.0804963137296304,1
712,1.654495068366228,1.9841187650546495,1
713,1.274419578091846,1.728299691598218,1
714,1.4945698319566387,1.9610028673897513,1
715,1.5027783500815677,2.060606026239153,1
716,1.7371329154994197,1.3680276204708957,1
717,1.6836010911996087,1.5369919995073873,1
718,0.9185123164146124,1.3021037305112548,1
719,1.7698803792865223,1.4203477917059328,1
720,1.5319837261557387,1.1242141709162004,1
721,1.7692035192105868,1.4357090282814524,1
722,1.315530619735768,1.2014109701833482,1
723,1.5010447727069598,1.005665314769694,1
724,1.781886007057641,1.4662707399777402,1
725,1.7433152052729304,0.9263832589264991,1
726,1.5480897666213482,1.0978362877182921,1
727,1.506947368766811,1.3265516775241208,1
728,1.739981837004912,1.328095953197744,1
729,2.2443700781468157,1.3012583790006542,1
730,1.8158201272741565,1.188563588665629,1
731,1.835201645691172,0.8053612075445327,1
732,2.2366267930181074,0.9622141180548845,1
733,2.2021510935250412,1.0018663763530382,1
734,2.043955007937641,0.8739903074890993,1
735,2.077553124446643,1.2823628811402266,1
736,1.985074248346264,0.9284685366151177,1
737,1.9226751878159558,1.1944914123508545,1
738,2.4240501429546395,0.5393050151772778,1
739,2.1657168359583516,0.5466664454092878,1
740,2.2912056756933845,0.7473156550840561,1
741,2.073684670404469,0.47674264123749144,1
742,2.3655805891403294,0.6041316286375699,1
743,2.5211100976869605,0.3584523113641245,1
744,2.483990916815826,0.6081349595664858,1
745,1.9763509046499328,0.49195518187456677,1
746,2.4063289809298727,0.4239114308987694,1
747,1.9894946521749832,0.4724278937485147,1
748,2.4269676826689555,-0.16300606908526913,1
749,2.6566269057572773,0.15899122099530566,1
750,2.1079558700223195,-0.08948299398321344,1
751,2.411463855114752,-0.20502207704934805,1
752,2.217778941432524,-0.06634870999599501,1
753,2.195978727570326,-0.43678198324489725,1
754,2.4273962124159287,-0.3932054502872946,1
755,2.6171594010099546,-0.15013008896966384,1
756,2.319954869416852,-0.5005286535414378,1
757,2.4768629671899243,-0.597693243274417,1
758,2.436129774431885,-0.6414424709925339,1
759,2.086895454031971,-0.7247161691015738,1
760,2.2835511775217556,-0.8058943841095623,1
761,2.4448253969479325,-0.6974244411419485,1
762,2.671944236108569,-0.9798921586673176,1
763,2.176973863167752,-0.9851749806628611,1
764,2.131522631123071,-0.884462636419365,1
765,2.2307547897035693,-0.9277249984257308,1
766,1.996378882440189,-0.9241426246460276,1
767,2.3126086207947356,-0.9525464962239699,1
768,2.6264757337613065,-1.2862354788789931,1
769,2.327651724330849,-1.3448759489288895,1
770,2.1784131953358976,-1.211300522218406,1
771,2.164174663655663,-1.3331145323415448,1
772,2.3425416026975725,-1.3311273895218085,1
773,2.115096245183155,-1.3370815649321734,1
774,2.441161768225394,-1.7055695513044091,1
775,2.0300411318170495,-1.420819308876077,1
776,1.7795318215536238,-1.0728809551756848,1
777,1.9834208187029083,-1.5578528913998337,1
778,1.9572807636043474,-1.7275080692742668,1
779,2.0126382273030408,-1.890849594864496,1
780,1.9466060357226516,-1.7934058546466876,1
781,2.0009575009699923,-1.416121886228333,1
782,1.9605247274543116,-2.2471632632296945,1
783,1.832386738923337,-1.7598489030488345,1
784,1.4728110411862514,-2.0539510679736077,1
785,1.7524738170438872,-2.0349169266408738,1
786,1.2543098906196786,-2.2344062683062695,1
787,1.7471756756501768,-2.116107293713715,1
788,1.8382827523945566,-2.3906727905468497,1
789,1.4447939329920525,-1.889304714047304,1
790,1.3092412017473327,-2.3865511921664804,1
791,1.5048138129608113,-2.394149496031854,1
792,1.3210092159895854,-2.0737910302599287,1
793,0.9918584670105488,-1.7855604096863233,1
794,1.2721499025906198,-2.3747345130033066,1
795,1.0902402087965173,-2.458395806309301,1
796,1.003968596113663,-2.4563481327375274,1
797,1.3323182724677547,-2.815448954661223,1
798,0.75262334464597,-2.7609856509751958,1
799,0.7647502370900935,-2.7974638061055295,1
800,0.8292441153778012,-2.8639962457844055,1
801,1.017638242685154,-2.545304619087929,1
802,0.5462118193989505,-2.666061662511402,1
803,0.4496709055124366,-2.5958836985109133,1
804,0.7796490757908361,-2.8886294077251025,1
805,0.37563339709714133,-2.7107335952878255,1
806,0.38767362459616056,-2.6217359108225917,1
807,0.172651597871816,-2.4750183882819656,1
808,0.17067753522389717,-2.6705122855457466,1
809,0.08427710031880348,-2.7974611857450067,1
810,0.43099691898053466,-2.7824728114861386,1
811,0.1152681077356773,-2.936390109802724,1
812,0.1640706697688301,-3.094258895659718,1
813,-0.08029544970081967,-2.6199082137563168,1
814,-0.06590950022277756,-2.8942770452744733,1
815,-0.5420237741905231,-2.897821179278043,1
816,-0.29754144295105583,-2.7047431107605,1
817,-0.6360591838734782,-2.9781891084592456,1
818,-0.4810571434909953,-3.181406132637034,1
819,-0.7109108535018637,-2.8827000944354126,1
820,-0.3673354333450537,-2.7376570521766777,1
821,-0.7088771606966704,-3.0446764232435997,1
822,-0.39368053531886454,-2.8630401730611226,1
823,-0.9746287932056676,-2.821274572243118,1
824,-0.7596842329821535,-3.003523750511604,1
825,-0.9682658155625474,-2.3324041981357233,1
826,-0.6190512132970059,-2.4670327660500493,1
827,-1.2789815596298248,-3.03429918666642,1
828,-1.5831511406937846,-2.71615342230724,1
829,-1.2208111988789252,-2.5677541723132538,1
830,-1.221807945386789,-2.328105897230761,1
831,-1.2458909577508663,-2.659548527053043,1
832,-1.275882788340567,-2.805702377186548,1
833,-1.9353822780403747,-2.5059976480284787,1
834,-2.0008760473697724,-2.6888459703675562,1
835,-1.6818078546419235,-2.1404289919496025,1
836,-2.011087586542556,-2.5499591512677404,1
837,-1.7985081805554433,-2.7761797528618843,1
838,-1.7564580214008676,-2.690178471517239,1
839,-2.032127192981791,-2.3861899827931987,1
840,-2.0429541515841163,-2.3026280633604435,1
841,-2.3321949998350533,-2.253391232214999,1
842,-2.077028943112157,-2.2425108219341334,1
843,-2.187665785436086,-2.2543899722872407,1
844,-2.3612693879912494,-2.1463377467363407,1
845,-2.2646125729246296,-1.9338451330078774,1
846,-2.6675035405665155,-2.087070939048453,1
847,-2.4958652294400436,-2.1418874339311236,1
848,-2.555379217352514,-1.8884957718237196,1
849,-2.388622316725746,-1.7309586568893647,1
850,-2.1924328939882205,-1.5942505157989773,1
851,-2.783047224077635,-1.5348368405996218,1
852,-2.5347038963294932,-1.4841151043941188,1
853,-2.94229028552135,-1.8355848438033897,1
854,-2.802258945297853,-1.6882793946109333,1
855,-2.8046977028791047,-1.561038344628067,1
856,-2.907415718552346,-1.5222041889211757,1
857,-3.0339061386311177,-1.3820243835652064,1
858,-3.1257421950326614,-1.2242295651153638,1
859,-3.1438440585219167,-1.481213698435104,1
860,-2.935528032277876,-1.0240137340749194,1
861,-3.1879410610749948,-0.6920795875745676,1
862,-3.1426615902304778,-1.1866683043538446,1
863,-2.857337500056669,-1.0948775215254407,1
864,-3.3383252216699306,-0.7805886082495609,1
865,-3.4268127905151284,-0.7121634422698139,1
866,-3.134256776151277,-0.6490215384907664,1
867,-3.1968484210308192,-0.4376474335290348,1
868,-3.28396466855285,-0.5050390565395917,1
869,-3.1810075928933057,-0.48084592738974286,1
870,-3.420024262470475,-0.5045899107752247,1
871,-3.4497456396132598,-0.22270207797667685,1
872,-3.6521001509241806,-0.0866099489777809,1
873,-3.6032277165063387,-0.03647954866392335,1
874,-3.5767003469013745,-0.005394512212814506,1
875,-2.917102871099453,0.01801061953520615,1
876,-3.5036496660345424,0.47361198549614353,1
877,-3.205013618688133,0.20739003439073958,1
878,-3.5316949686300756,0.33678492189488135,1
879,-3.0783814272815784,0.3631228616078629,1
880,-3.007347252687346,0.1380544514170845,1
881,-3.300015833086175,0.36662375219223853,1
882,-3.3833762788077126,0.7538348785467708,1
883,-3.017691969108922,0.7021331422112755,1
884,-3.5194717275072387,0.9070331113102909,1
885,-3.3321052276770313,0.752543974331483,1
886,-3.118384587782091,1.1228574781084943,1
887,-3.306537350513946,1.0256363998807236,1
888,-3.314239040369629,1.3302026042507724,1
889,-3.035028886201049,0.9677026425560116,1
890,-3.274632810198553,0.9897358333828289,1
891,-3.2055712929333815,1.5146161103490459,1
892,-3.34099347119617,1.3360170851436066,1
893,-2.8414010149655318,1.6401268921218,1
894,-2.9611147272936367,1.6120531367101538,1
895,-3.093174642916605,1.7388989484816975,1
896,-2.8367798251754843,1.8638357431629013,1
897,-3.089166713452639,1.9209750419503375,1
898,-3.04673517333507,2.0122485394163143,1
899,-2.8806575333190363,1.9015549034967083,1
900,-3.138632185634211,1.9296639733455767,1
901,-2.9026468267741916,2.217917504816186,1
902,-2.7934436428653484,2.1128804768271987,1
903,-2.6392367088663486,2.390175410393155,1
904,-2.5856077378323272,2.481891482897921,1
905,-2.3000214728624147,2.5745245506982175,1
906,-2.495830920776684,2.5167809410448942,1
907,-2.835315690972262,2.7124051530299798,1
908,-2.493281820929915,2.655960138535292,1
909,-2.539206853564405,3.02967558050255,1
910,-2.294592648670012,3.0160563436687005,1
911,-2.0014617777250523,2.6824450976449197,1
912,-2.2703146981177658,2.877446042934152,1
913,-2.0476323111601338,2.838351133920651,1
914,-2.174697691270773,3.4088677649236656,1
915,-1.8782175625689483,2.958671329095105,1
916,-1.9936875728579342,3.0813257235425975,1
917,-2.0783101920641576,3.0008471478611187,1
918,-1.6095975393499706,3.0765657812959075,1
919,-1.776542388312502,3.430505224170281,1
920,-1.3013429210057637,3.2911010668882885,1
921,-1.6944499134582975,3.512480046737884,1
922,-1.3925548210719643,3.544583411528075,1
923,-1.896651173097831,3.419959478291778,1
924,-1.0035447001175033,3.340701826364293,1
925,-0.851502054375653,3.3383935866823418,1
926,-0.8942788985467894,3.8450169620864374,1
927,-0.7225569312891946,3.66939309056022,1
928,-0.6516311470532049,3.7587681586957125,1
929,-0.7513413693390212,3.703829852124846,1
930,-0.7907475757520196,3.592144107581497,1
931,-0.1654766726606382,3.721409919941723,1
932,-0.6533653441403903,3.7945516669563304,1
933,-0.14052176284335516,3.7111466617296442,1
934,-0.22887072084645244,3.4668715523056943,1
935,0.0019459251845743153,3.868147965886547,1
936,-0.15153391286074203,3.8397266553365013,1
937,0.04849754381676064,3.505925231953138,1
938,0.5393251857297169,3.6157672783499546,1
939,0.3537132393158594,3.914111613982791,1
940,0.7255141573800484,3.6166810182078377,1
941,0.6011145030093543,3.8619445463686417,1
942,0.5589527204085278,3.800789678001285,1
943,0.4227672676171983,3.5899299537289457,1
944,0.7245122608048379,3.813326215526616,1
945,0.7095067964201165,3.750830334630378,1
946,1.1036834135942217,3.5656239314141356,1
947,1.0390884689856361,3.625851191817303,1
948,1.2170669988445115,3.475755605544019,1
949,1.209638545187527,3.6922047021594118,1
950,1.4301668634257625,3.756683566434498,1
951,1.6106521146876631,3.6124119664114676,1
952,1.5831357473123255,3.68028662814709,1
953,1.5175596766237605,3.497223983314277,1
954,1.6327924168568775,3.5122608829166793,1
955,1.8257684623941453,3.575817056807539,1
956,1.9162082456060623,3.335359035908776,1
957,1.989779107650122,3.1816832314354215,1
958,2.04754997552817,3.5600761582153297,1
959,1.9440054413509567,3.249071942397387,1
960,2.3294503149147574,2.925546249776592,1
961,2.376066996439895,3.098672396417176,1
962,2.652173956406303,3.3225056147812246,1
963,2.112661911233967,2.7124505086530033,1
964,2.6908552561243666,3.2180843586712213,1
965,2.436613046545091,3.058434677318494,1
966,3.2790086343234623,2.9285773309323733,1
967,2.9583170014363906,2.970314357644386,1
968,2.9582498390503815,3.0076768498596493,1
969,2.7959997119261684,2.6779223072322362,1
970,3.047256774890442,2.8838374650409455,1
971,3.2927815842407835,2.636255199122428,1
972,3.13376493701496,2.71504136055208,1
973,3.416004179643032,2.5473054358374756,1
974,3.694418768457613,2.5780232761727246,1
975,3.3314470025866028,2.283453289342366,1
976,3.3959583383814342,2.1268277730124625,1
977,3.1950692252241586,2.1143640338635232,1
978,3.6471456999613205,2.1639868399351245,1
979,3.770169794784452,1.6992484818943516,1
980,3.4077765911389823,1.8806578975293178,1
981,3.8378900194623733,1.624292439183157,1
982,3.333353485416299,1.517204567501894,1
983,4.067369992286199,1.5817465363286376,1
984,4.004587950069167,1.4594774562433477,1
985,3.9373236779217144,1.4745425633937599,1
986,3.7534880346365593,1.4692080590835357,1
987,3.9544638643229257,1.3884184319362507,1
988,4.018379981218459,1.099569665517503,1
989,4.187531612163516,1.0633561220676762,1
990,4.188966843758162,0.7639991930456055,1
991,3.856030015762897,0.8404270156145549,1
992,3.8480206666122463,0.9652316252567466,1
993,4.152250732121601,0.5824351955525805,1
994,3.96442918842253,0.6206156026117061,1
995,4.058206170050388,0.570225866759655,1
996,3.8049206976257572,0.16110399236568607,1
997,3.956959147207086,0.20185704701858126,1
998,4.511262608399075,0.21431605950160676,1
999,4.208740557009751,-0.1876412596156446,1
